City,Country,Latitude,Longitude,Temp,Wind,Pressure,Humidity,Date
ribeira grande,PT,38.5167,-28.7,20.22,14.92,1002.0,83.0,1637591430.0
jamestown,US,42.097,-79.2353,-0.76,1.79,1013.0,82.0,1637591432.0
oistins,BB,13.0667,-59.5333,29.05,8.23,1013.0,70.0,1637591278.0
ushuaia,AR,-54.8,-68.3,0.81,10.29,1004.0,93.0,1637591227.0
arraial do cabo,BR,-22.9661,-42.0278,24.92,5.14,1015.0,50.0,1637591436.0
vila velha,BR,-20.3297,-40.2925,23.86,3.13,1016.0,71.0,1637591437.0
salalah,OM,17.0151,54.0924,27.05,4.12,1013.0,69.0,1637591438.0
kieta,PG,-6.2167,155.6333,26.09,0.41,1009.0,82.0,1637591440.0
bambous virieux,MU,-20.3428,57.7575,27.14,2.57,1015.0,65.0,1637591441.0
bronderslev,DK,57.2702,9.941,7.01,8.36,1018.0,86.0,1637591419.0
harindanga,IN,22.0383,88.3214,27.99,2.16,1011.0,66.0,1637591429.0
rocha,UY,-34.4833,-54.3333,34.07,7.69,1006.0,22.0,1637591444.0
rikitea,PF,-23.1203,-134.9692,23.61,4.62,1017.0,70.0,1637591446.0
bredasdorp,ZA,-34.5322,20.0403,17.89,5.5,1017.0,72.0,1637591447.0
asau,RO,46.4333,26.4,8.86,1.07,1014.0,60.0,1637591448.0
morondava,MG,-20.2833,44.2833,27.95,4.51,1009.0,77.0,1637591450.0
khonuu,,,,,,,,
ponta delgada,PT,37.7333,-25.6667,20.4,9.26,1008.0,83.0,1637591452.0
ponta do sol,PT,32.6667,-17.1,24.17,4.72,1013.0,72.0,1637591453.0
blantyre,MW,-15.785,35.0085,32.34,4.63,1012.0,26.0,1637591455.0
nabire,ID,-3.3667,135.4833,25.3,1.48,1008.0,84.0,1637591456.0
beringovskiy,RU,63.05,179.3167,-20.53,6.61,1035.0,98.0,1637591458.0
cape town,ZA,-33.9258,18.4232,22.85,12.86,1015.0,51.0,1637591181.0
hobart,AU,-42.8794,147.3294,12.2,0.0,1018.0,88.0,1637591414.0
flinders,AU,-34.5833,150.8552,16.68,0.45,1017.0,85.0,1637591461.0
afsin,TR,38.2477,36.914,10.43,1.2,1021.0,55.0,1637591463.0
mata,PT,40.683,-7.4592,11.07,4.06,1011.0,58.0,1637591464.0
thompson,CA,55.7435,-97.8558,-24.91,2.06,1020.0,77.0,1637591195.0
noumea,NC,-22.2763,166.4572,25.56,2.02,1013.0,99.0,1637591466.0
vadso,NO,70.0744,29.7487,-9.09,9.26,1001.0,79.0,1637591468.0
mahebourg,MU,-20.4081,57.7,27.16,2.57,1015.0,65.0,1637591469.0
souillac,MU,-20.5167,57.5167,27.21,2.57,1015.0,65.0,1637591470.0
lorengau,PG,-2.0226,147.2712,27.36,3.22,1008.0,79.0,1637591472.0
mataura,NZ,-46.1927,168.8643,5.69,0.4,1022.0,99.0,1637591473.0
aksu,CN,41.1231,80.2644,0.28,0.52,1031.0,44.0,1637591474.0
tangshan,CN,39.6333,118.1833,-2.0,2.19,1026.0,34.0,1637591476.0
nuuk,GL,64.1835,-51.7216,-4.66,2.06,1018.0,74.0,1637591477.0
naze,JP,28.3667,129.4833,15.68,8.77,1017.0,67.0,1637591478.0
qaanaaq,GL,77.484,-69.3632,-23.46,2.84,1022.0,77.0,1637591480.0
clyde river,CA,70.4692,-68.5914,-12.87,3.09,1022.0,92.0,1637591481.0
kontagora,NG,10.3999,5.4695,36.67,1.09,1006.0,13.0,1637591482.0
hilo,US,19.7297,-155.09,18.86,3.6,1018.0,68.0,1637591484.0
sibolga,ID,1.7427,98.7792,25.07,1.19,1011.0,87.0,1637591485.0
punta arenas,CL,-53.15,-70.9167,6.06,9.26,1010.0,52.0,1637591486.0
meyungs,,,,,,,,
bengkulu,ID,-3.8004,102.2655,24.62,1.4,1011.0,89.0,1637591489.0
hualmay,PE,-11.0964,-77.6139,20.04,3.58,1014.0,77.0,1637591490.0
ust-nera,RU,64.5667,143.2,-22.54,1.81,1037.0,99.0,1637591492.0
faruka,PK,31.8872,72.4144,20.49,2.23,1012.0,16.0,1637591493.0
nikolskoye,RU,59.7035,30.7861,-2.38,1.48,1012.0,82.0,1637591494.0
ginir,ET,7.1333,40.7,18.95,2.64,1013.0,34.0,1637591496.0
sibu,MY,2.3,111.8167,25.63,0.89,1009.0,94.0,1637591497.0
xiamen,CN,24.4798,118.0819,16.03,6.0,1021.0,77.0,1637591226.0
severo-kurilsk,RU,50.6789,156.125,1.82,3.05,1015.0,80.0,1637591500.0
jatai,BR,-17.8814,-51.7144,28.94,1.77,1010.0,60.0,1637591501.0
fortuna,US,40.5982,-124.1573,5.93,2.57,1024.0,72.0,1637591502.0
nadym,RU,65.5333,72.5167,-8.69,6.03,981.0,94.0,1637591503.0
torbay,CA,47.6666,-52.7314,4.86,3.6,1031.0,70.0,1637591505.0
hermanus,ZA,-34.4187,19.2345,17.53,6.06,1017.0,80.0,1637591506.0
el ejido,ES,36.7763,-2.8146,19.52,7.74,1009.0,72.0,1637591508.0
longyearbyen,SJ,78.2186,15.6401,-13.09,6.17,1012.0,61.0,1637591509.0
albany,US,42.6001,-73.9662,6.29,0.89,1008.0,77.0,1637591401.0
banyo,CM,6.75,11.8167,30.45,2.72,1007.0,24.0,1637591511.0
sikasso,ML,10.9167,-7.0,36.44,3.73,1007.0,11.0,1637591513.0
kirakira,SB,-10.4544,161.9205,27.18,4.07,1009.0,79.0,1637591514.0
trincomalee,LK,8.5711,81.2335,27.1,4.72,1009.0,81.0,1637591222.0
manaure,CO,11.7751,-72.4445,29.66,3.89,1011.0,62.0,1637591516.0
leningradskiy,RU,69.3833,178.4167,-27.36,2.23,1041.0,97.0,1637591518.0
puerto ayora,EC,-0.7393,-90.3518,22.98,4.86,1016.0,69.0,1637591519.0
georgetown,MY,5.4112,100.3354,26.11,0.45,1008.0,93.0,1637591460.0
dikson,RU,73.5069,80.5464,-27.0,6.36,1009.0,85.0,1637591522.0
vardo,NO,70.3705,31.1107,-6.01,8.75,1001.0,93.0,1637591523.0
paradwip,,,,,,,,
victoria,HK,22.2855,114.1577,17.39,0.45,1019.0,77.0,1637591408.0
mar del plata,AR,-38.0023,-57.5575,27.71,8.05,1001.0,47.0,1637591351.0
hasaki,JP,35.7333,140.8333,13.42,9.16,999.0,85.0,1637591528.0
sur,OM,22.5667,59.5289,25.14,4.86,1015.0,51.0,1637591529.0
castro,BR,-24.7911,-50.0119,26.89,0.74,1013.0,37.0,1637591531.0
vila franca do campo,PT,37.7167,-25.4333,21.78,6.39,1008.0,87.0,1637591532.0
roros,NO,62.5747,11.3842,-0.09,12.35,1005.0,80.0,1637591533.0
saldanha,ZA,-33.0117,17.9442,28.03,12.67,1012.0,74.0,1637591535.0
illapel,CL,-31.6308,-71.1653,27.45,3.6,1012.0,33.0,1637591536.0
kapaa,US,22.0752,-159.319,22.13,5.66,1018.0,81.0,1637591537.0
mys shmidta,,,,,,,,
esperance,AU,-33.8667,121.9,14.91,10.14,1012.0,81.0,1637591540.0
vaini,TO,-21.2,-175.2,23.09,1.54,1014.0,94.0,1637591541.0
moindou,NC,-21.6924,165.677,21.97,1.32,1013.0,78.0,1637591543.0
fenoarivo,MG,-18.933,47.4354,27.04,6.17,1016.0,41.0,1637591544.0
sept-iles,CA,50.2001,-66.3821,2.29,6.17,1009.0,93.0,1637591402.0
bluff,NZ,-46.6,168.3333,10.14,3.55,1021.0,66.0,1637591547.0
temir,KZ,49.1414,57.13,3.88,10.56,1009.0,94.0,1637591548.0
mayumba,GA,-3.432,10.6554,26.19,3.72,1008.0,89.0,1637591549.0
kaitangata,NZ,-46.2817,169.8464,8.88,0.71,1021.0,91.0,1637591551.0
sao joao da barra,BR,-21.6403,-41.0511,24.05,3.77,1015.0,64.0,1637591459.0
hithadhoo,MV,-0.6,73.0833,28.1,5.82,1010.0,74.0,1637591553.0
yellowknife,CA,62.456,-114.3525,-17.09,5.66,1023.0,82.0,1637591506.0
maidstone,GB,51.2667,0.5167,9.69,3.58,1028.0,72.0,1637591556.0
faya,SA,18.3851,42.4509,20.29,2.93,1017.0,54.0,1637591557.0
nisia floresta,BR,-6.0911,-35.2086,30.21,6.8,1010.0,48.0,1637591558.0
bandarbeyla,SO,9.4942,50.8122,25.88,7.26,1012.0,71.0,1637591560.0
chuy,UY,-33.6971,-53.4616,32.72,6.21,1007.0,25.0,1637591561.0
sao felix do xingu,BR,-6.6447,-51.995,30.74,1.67,1010.0,60.0,1637591562.0
yeppoon,AU,-23.1333,150.7333,18.88,1.51,1010.0,83.0,1637591564.0
pevek,RU,69.7008,170.3133,-28.78,1.86,1039.0,98.0,1637591565.0
victor harbor,AU,-35.5667,138.6167,15.0,2.82,1011.0,87.0,1637591567.0
kodiak,US,57.79,-152.4072,-6.27,1.54,996.0,58.0,1637591568.0
illoqqortoormiut,,,,,,,,
half moon bay,US,37.4636,-122.4286,11.37,3.6,1021.0,68.0,1637591570.0
iquitos,PE,-3.7481,-73.2472,28.02,1.54,1012.0,74.0,1637591572.0
eureka,US,40.8021,-124.1637,5.39,1.79,1023.0,56.0,1637591573.0
fort nelson,CA,58.8053,-122.7002,-17.23,2.57,1009.0,78.0,1637591506.0
chokurdakh,RU,70.6333,147.9167,-26.99,1.2,1036.0,99.0,1637591576.0
saint george,US,37.1041,-113.5841,2.49,0.0,1030.0,51.0,1637591376.0
laguna,US,38.421,-121.4238,6.36,0.0,1023.0,100.0,1637591578.0
coruripe,BR,-10.1256,-36.1756,30.9,6.44,1011.0,54.0,1637591107.0
belushya guba,,,,,,,,
tiksi,RU,71.6872,128.8694,-20.77,2.18,1035.0,97.0,1637591581.0
bahar,IR,34.9072,48.4414,8.78,3.23,1021.0,66.0,1637591583.0
maraa,BR,-1.8333,-65.3667,30.78,1.19,1011.0,60.0,1637591584.0
geraldton,AU,-28.7667,114.6,18.23,6.69,1017.0,63.0,1637591477.0
marcona,,,,,,,,
krasnoselkup,RU,65.7,82.4667,-9.14,9.05,991.0,89.0,1637591588.0
stillwater,US,36.1156,-97.0584,0.01,0.0,1027.0,86.0,1637590860.0
puerto el triunfo,SV,13.2833,-88.55,25.83,1.58,1014.0,61.0,1637591590.0
priiskovyy,RU,51.9333,116.6333,-22.57,1.38,1028.0,99.0,1637591591.0
barrow,US,71.2906,-156.7887,-19.99,4.12,1037.0,77.0,1637591593.0
erzin,TR,36.9559,36.2,19.4,1.51,1021.0,65.0,1637591594.0
santa rosalia,MX,27.3167,-112.2833,21.29,1.33,1017.0,38.0,1637591595.0
alyangula,AU,-13.8483,136.4192,26.93,2.06,1008.0,78.0,1637591597.0
port hardy,CA,50.6996,-127.4199,7.1,2.57,1006.0,87.0,1637591598.0
big rapids,US,43.6981,-85.4837,-2.57,4.63,1018.0,71.0,1637591419.0
new norfolk,AU,-42.7826,147.0587,11.99,0.9,1020.0,72.0,1637591601.0
tuktoyaktuk,CA,69.4541,-133.0374,-28.0,0.0,1029.0,76.0,1637591602.0
tsihombe,,,,,,,,
puerto del rosario,ES,28.5004,-13.8627,22.86,4.63,1014.0,78.0,1637591604.0
williston,US,48.147,-103.618,-4.45,1.89,1016.0,86.0,1637591461.0
atuona,PF,-9.8,-139.0333,25.16,6.2,1013.0,80.0,1637591607.0
north bend,US,43.4065,-124.2243,3.95,4.63,1024.0,93.0,1637591609.0
boulder city,US,35.9786,-114.8325,6.52,4.12,1027.0,25.0,1637591478.0
luderitz,NA,-26.6481,15.1594,20.34,8.93,1013.0,66.0,1637591611.0
smithers,CA,54.7804,-127.1743,3.18,3.6,993.0,87.0,1637591612.0
akashi,JP,34.6333,134.9833,12.65,7.92,1011.0,66.0,1637591614.0
uige,AO,-7.6087,15.0613,26.01,3.09,1012.0,69.0,1637591615.0
palabuhanratu,,,,,,,,
ngukurr,,,,,,,,
axim,GH,4.8699,-2.2405,28.88,3.01,1008.0,72.0,1637591619.0
upernavik,GL,72.7868,-56.1549,-15.49,2.58,1022.0,90.0,1637591620.0
busselton,AU,-33.65,115.3333,12.25,5.1,1018.0,67.0,1637591621.0
polazna,RU,58.2946,56.4055,-3.34,3.93,991.0,94.0,1637591623.0
mount gambier,AU,-37.8333,140.7667,13.95,2.06,1014.0,88.0,1637591624.0
cayenne,GF,4.9333,-52.3333,29.49,1.79,1012.0,79.0,1637591625.0
mamontovo,RU,52.7055,81.6244,-0.98,11.31,1013.0,79.0,1637591590.0
bubaque,GW,11.2833,-15.8333,27.66,2.49,1008.0,75.0,1637591628.0
volkhov,RU,59.9258,32.3382,-5.0,3.07,1011.0,84.0,1637591629.0
te anau,NZ,-45.4167,167.7167,7.98,0.93,1021.0,93.0,1637591631.0
san cristobal,VE,7.7669,-72.225,28.14,1.16,1013.0,49.0,1637591509.0
bethel,US,41.3712,-73.414,8.15,0.45,1008.0,86.0,1637591633.0
mareeba,AU,-17.0,145.4333,22.45,0.77,1009.0,88.0,1637591634.0
cherskiy,RU,68.75,161.3,-35.61,1.38,1039.0,100.0,1637591636.0
adrar,MR,20.5022,-10.0711,32.1,3.19,1012.0,21.0,1637591637.0
madimba,TZ,-10.4,40.3333,27.57,4.54,1011.0,71.0,1637591639.0
baturaja,ID,-4.1333,104.1667,23.91,1.04,1010.0,98.0,1637591640.0
lagoa,PT,39.05,-27.9833,17.69,14.02,1005.0,83.0,1637591641.0
deep river,CA,46.1001,-77.4995,-0.93,5.88,1008.0,60.0,1637591506.0
airai,TL,-8.9266,125.4092,17.23,0.49,1011.0,90.0,1637591598.0
taoudenni,ML,22.6783,-3.9836,32.19,3.97,1012.0,20.0,1637591645.0
ati,TD,13.2154,18.3353,34.62,3.35,1008.0,13.0,1637591646.0
iqaluit,CA,63.7506,-68.5145,-4.15,3.09,1014.0,86.0,1637591648.0
veseloyarsk,RU,51.2836,81.1056,-1.42,8.07,1018.0,75.0,1637591649.0
wahiawa,US,21.5028,-158.0236,21.67,2.79,1017.0,79.0,1637591650.0
nizhneangarsk,RU,55.7833,109.55,-16.29,2.65,1029.0,81.0,1637591533.0
umzimvubu,,,,,,,,
chabahar,IR,25.2919,60.643,25.02,4.78,1015.0,59.0,1637591654.0
antalaha,MG,-14.9003,50.2788,25.57,3.16,1013.0,75.0,1637591655.0
awbari,LY,26.5921,12.7805,26.51,1.54,1013.0,22.0,1637591657.0
port moresby,PG,-9.4431,147.1797,23.68,2.57,1007.0,100.0,1637591658.0
east london,ZA,-33.0153,27.9116,21.52,5.66,1009.0,88.0,1637591659.0
misratah,LY,32.3754,15.0925,25.0,5.06,1012.0,41.0,1637591660.0
butaritari,KI,3.0707,172.7902,26.82,5.15,1009.0,81.0,1637591662.0
vaitupu,,,,,,,,
khatanga,RU,71.9667,102.5,-21.89,8.96,1017.0,76.0,1637591664.0
colac,AU,-38.3333,143.5833,16.14,2.46,1017.0,90.0,1637591666.0
antsohihy,MG,-14.8796,47.9875,27.8,4.06,1011.0,68.0,1637591667.0
port elizabeth,ZA,-33.918,25.5701,20.16,6.17,1012.0,83.0,1637591668.0
jand,PK,33.4299,72.0193,18.48,0.67,1012.0,19.0,1637591670.0
tasiilaq,GL,65.6145,-37.6368,-0.91,2.21,1003.0,76.0,1637591671.0
ust-ilimsk,RU,58.0006,102.6619,-12.88,1.61,1019.0,97.0,1637591672.0
touros,BR,-5.1989,-35.4608,31.5,7.26,1010.0,57.0,1637591674.0
dunedin,NZ,-45.8742,170.5036,9.96,1.45,1021.0,91.0,1637591675.0
saint-francois,FR,46.4154,3.9054,7.04,4.12,1017.0,77.0,1637591676.0
lebu,CL,-37.6167,-73.65,15.89,8.11,1017.0,70.0,1637591678.0
hatillo,PR,18.4863,-66.8254,28.97,3.13,1014.0,70.0,1637591679.0
kitimat,CA,54.0524,-128.6534,1.06,0.93,990.0,32.0,1637591506.0
akyab,MM,20.15,92.9,26.3,3.67,1010.0,66.0,1637591682.0
fort morgan,US,40.2503,-103.8,-3.03,4.12,1026.0,68.0,1637591412.0
afrikanda,RU,67.4429,32.7828,-9.51,4.19,1004.0,88.0,1637591684.0
maracacume,BR,-2.0428,-45.9592,35.4,2.48,1009.0,37.0,1637591686.0
zanjan,IR,36.6736,48.4787,6.83,1.03,1019.0,87.0,1637591687.0
marsh harbour,BS,26.5412,-77.0636,26.04,4.08,1014.0,75.0,1637591688.0
attawapiskat,,,,,,,,
mayskiy,RU,47.6931,40.1025,9.67,4.34,1014.0,85.0,1637591691.0
sola,VU,-13.8833,167.55,27.51,4.14,1010.0,75.0,1637591692.0
pisco,PE,-13.7,-76.2167,19.03,2.57,1014.0,82.0,1637591677.0
gollere,,,,,,,,
westlake,US,41.4553,-81.9179,0.62,0.45,1018.0,63.0,1637591696.0
taolanaro,,,,,,,,
tessalit,ML,20.1986,1.0114,30.26,6.58,1011.0,19.0,1637591698.0
maneadero,MX,31.7167,-116.5667,19.78,4.13,1017.0,25.0,1637591700.0
isangel,VU,-19.55,169.2667,25.37,0.7,1012.0,83.0,1637591701.0
rio gallegos,AR,-51.6226,-69.2181,9.03,13.38,1010.0,23.0,1637591703.0
saint-philippe,RE,-21.3585,55.7679,25.97,2.14,1016.0,74.0,1637591704.0
tarquinia,IT,42.2482,11.7553,13.09,4.14,1009.0,92.0,1637591706.0
nasice,HR,45.4886,18.0878,5.71,0.89,1017.0,91.0,1637591707.0
morant bay,JM,17.8815,-76.4093,28.74,1.16,1015.0,64.0,1637591708.0
kruisfontein,ZA,-34.0033,24.7314,17.71,6.43,1014.0,92.0,1637591710.0
amderma,,,,,,,,
deputatskiy,RU,69.3,139.9,-24.68,1.26,1036.0,98.0,1637591712.0
ginda,IN,30.6945,78.4932,9.49,2.85,1016.0,31.0,1637591714.0
rundu,NA,-17.9333,19.7667,29.2,6.77,1006.0,39.0,1637591715.0
saleaula,,,,,,,,
dudinka,RU,69.4058,86.1778,-14.86,6.59,1003.0,95.0,1637591717.0
karamea,,,,,,,,
port blair,IN,11.6667,92.75,27.82,4.04,1010.0,82.0,1637591720.0
saskylakh,RU,71.9167,114.0833,-31.42,3.06,1032.0,98.0,1637591721.0
poum,NC,-20.2333,164.0167,24.87,2.87,1012.0,76.0,1637591722.0
daru,PG,-9.0763,143.2092,26.89,3.31,1007.0,83.0,1637591724.0
lugovoy,KZ,42.9472,72.7644,4.69,1.98,1028.0,54.0,1637591725.0
martapura,ID,-3.4167,114.85,25.05,2.57,1008.0,94.0,1637591726.0
russell,US,32.3502,-85.1999,13.73,2.57,1018.0,82.0,1637591728.0
vallenar,CL,-28.5708,-70.7581,26.77,3.23,1012.0,26.0,1637591729.0
coihaique,CL,-45.5752,-72.0662,13.97,4.63,1015.0,47.0,1637591730.0
pathein,MM,16.7833,94.7333,24.08,2.19,1010.0,82.0,1637591732.0
vestmannaeyjar,IS,63.4427,-20.2734,8.55,14.4,1013.0,93.0,1637591733.0
tonj,SS,7.2737,28.6822,33.56,2.66,1007.0,19.0,1637591734.0
nong chik,TH,6.8436,101.178,26.21,0.64,1009.0,87.0,1637591736.0
fare,PF,-16.7,-151.0167,25.94,2.05,1011.0,78.0,1637591737.0
waipawa,NZ,-41.4122,175.5153,10.65,1.59,1019.0,86.0,1637591738.0
cabo san lucas,MX,22.8909,-109.9124,21.47,3.25,1009.0,74.0,1637591637.0
portland,US,45.5234,-122.6762,1.67,2.68,1023.0,95.0,1637591544.0
luanda,AO,-8.8368,13.2343,27.13,4.62,1008.0,73.0,1637591465.0
vendas novas,PT,38.6771,-8.4579,14.02,6.97,1010.0,42.0,1637591743.0
mombetsu,JP,44.3525,143.3525,10.48,9.98,990.0,88.0,1637591744.0
melission,GR,40.7742,22.3442,15.11,0.89,1015.0,76.0,1637591746.0
antofagasta,CL,-23.65,-70.4,16.6,3.3,1015.0,62.0,1637591747.0
lucapa,AO,-8.4192,20.7447,23.42,0.77,1009.0,88.0,1637591749.0
grand river south east,,,,,,,,
labutta,,,,,,,,
nakamura,JP,32.9833,132.9333,9.49,4.61,1013.0,72.0,1637591752.0
barentsburg,,,,,,,,
kalmunai,LK,7.4167,81.8167,26.68,4.24,1010.0,78.0,1637591755.0
alofi,NU,-19.0595,-169.9187,19.94,0.0,1012.0,100.0,1637591756.0
artesia,US,33.8658,-118.0831,17.76,2.57,1017.0,18.0,1637591757.0
mitsamiouli,KM,-11.3847,43.2844,30.16,2.06,1011.0,66.0,1637591759.0
newport,GB,51.5877,-2.9984,8.84,6.41,1033.0,76.0,1637591610.0
sars,RU,56.5502,57.1366,-5.5,4.22,994.0,95.0,1637591761.0
ulladulla,AU,-35.35,150.4667,15.33,1.08,1021.0,83.0,1637591598.0
ust-maya,RU,60.4167,134.5333,-36.84,0.74,1040.0,100.0,1637591596.0
baruun-urt,MN,46.6806,113.2792,-16.26,2.27,1029.0,81.0,1637591765.0
pacific grove,US,36.6177,-121.9166,12.79,0.45,1019.0,38.0,1637591766.0
aripuana,BR,-9.1667,-60.6333,27.98,1.93,1010.0,78.0,1637591767.0
cidreira,BR,-30.1811,-50.2056,26.42,4.84,1011.0,51.0,1637591769.0
nanortalik,GL,60.1432,-45.2371,-3.03,4.16,1016.0,73.0,1637591770.0
safwah,,,,,,,,
lompoc,US,34.6391,-120.4579,11.49,4.63,1019.0,32.0,1637591574.0
lauria,IT,40.0465,15.8358,16.2,0.88,1011.0,70.0,1637591773.0
paamiut,GL,61.994,-49.6678,-7.67,2.52,1020.0,82.0,1637591775.0
tazmalt,DZ,36.3868,4.3989,16.84,3.74,1010.0,57.0,1637591776.0
port alfred,ZA,-33.5906,26.891,22.02,5.08,1010.0,84.0,1637591778.0
tabas,IR,33.5959,56.9244,18.99,1.81,1019.0,24.0,1637591779.0
brae,GB,60.3964,-1.353,8.95,10.54,1024.0,83.0,1637591780.0
rock sound,BS,24.9,-76.2,26.4,4.65,1014.0,76.0,1637591782.0
inderborskiy,,,,,,,,
yamada,JP,39.4667,141.95,10.1,7.69,995.0,70.0,1637591784.0
safford,US,32.834,-109.7076,10.76,4.63,1028.0,40.0,1637591785.0
keningau,MY,5.3378,116.1602,23.75,0.85,1011.0,98.0,1637591787.0
west wendover,US,40.7391,-114.0733,-6.44,0.0,1032.0,79.0,1637591788.0
keti bandar,PK,24.1447,67.4497,26.17,4.29,1013.0,39.0,1637591789.0
nelson bay,AU,-32.7167,152.15,18.06,0.89,1018.0,94.0,1637591791.0
mapimi,MX,25.8167,-103.85,12.32,1.71,1025.0,75.0,1637591792.0
bathsheba,BB,13.2167,-59.5167,29.34,8.23,1013.0,70.0,1637591793.0
avarua,CK,-21.2078,-159.775,21.03,1.03,1011.0,100.0,1637591794.0
tautira,PF,-17.7333,-149.15,26.01,3.96,1012.0,82.0,1637591796.0
fukue,JP,32.6881,128.8419,11.28,10.82,1019.0,60.0,1637591797.0
blacksburg,US,37.2296,-80.4139,6.97,2.57,1015.0,82.0,1637591798.0
faanui,PF,-16.4833,-151.75,25.98,2.14,1011.0,80.0,1637591800.0
raudeberg,NO,61.9875,5.1352,6.6,1.34,1017.0,86.0,1637591801.0
dong hoi,VN,17.4833,106.6,21.58,8.36,1018.0,91.0,1637591802.0
pochinki,RU,54.6988,44.8668,-4.88,6.91,1006.0,87.0,1637591804.0
kidal,ML,18.4411,1.4078,32.8,7.15,1010.0,14.0,1637591805.0
dindori,IN,22.95,81.0833,20.63,1.37,1013.0,63.0,1637591806.0
alcains,PT,39.9164,-7.4566,10.2,6.16,1010.0,54.0,1637591808.0
whitehorse,CA,60.7161,-135.0538,-16.81,2.24,991.0,77.0,1637591531.0
castro verde,PT,37.6983,-8.0858,13.68,7.75,1011.0,56.0,1637591810.0
bilibino,RU,68.0546,166.4372,-29.25,1.7,1040.0,97.0,1637591539.0
conde,BR,-7.2597,-34.9075,31.7,6.17,1011.0,55.0,1637591813.0
pangnirtung,CA,66.1451,-65.7125,-6.0,3.6,1019.0,68.0,1637591814.0
sobolevo,RU,54.4299,31.8996,-3.8,2.81,1018.0,83.0,1637591815.0
jambi,ID,-1.6,103.6167,24.89,0.61,1009.0,90.0,1637591817.0
outjo,NA,-20.1167,16.15,30.35,9.66,1008.0,10.0,1637591818.0
kapchorwa,UG,1.3965,34.4509,22.61,2.84,1010.0,35.0,1637591819.0
gazanjyk,TM,39.2446,55.5154,13.73,5.28,1020.0,45.0,1637591821.0
murgab,TM,37.4966,61.9714,12.93,2.06,1022.0,62.0,1637591822.0
thinadhoo,MV,0.5333,72.9333,27.74,5.96,1011.0,78.0,1637591823.0
waingapu,ID,-9.6567,120.2641,27.74,0.81,1009.0,75.0,1637591825.0
gandara,PH,12.013,124.8118,24.27,1.27,1011.0,95.0,1637591826.0
caldwell,US,43.6629,-116.6874,-0.88,2.06,1029.0,89.0,1637591659.0
richards bay,ZA,-28.783,32.0377,28.27,9.02,1005.0,57.0,1637591828.0
ahipara,NZ,-35.1667,173.1667,16.83,4.53,1016.0,92.0,1637591830.0
makakilo city,US,21.3469,-158.0858,21.77,2.06,1018.0,75.0,1637591831.0
atar,MR,20.5169,-13.0499,32.32,5.66,1012.0,26.0,1637591832.0
port-gentil,GA,-0.7193,8.7815,29.98,5.14,1009.0,70.0,1637591716.0
birin,NP,26.8865,88.0718,10.59,1.53,1013.0,86.0,1637591835.0
sitka,US,57.0531,-135.33,3.94,5.66,988.0,87.0,1637591836.0
kushima,JP,31.4583,131.2333,11.09,5.19,1015.0,63.0,1637591837.0
lazarev,RU,52.225,141.5131,-0.98,9.3,1012.0,86.0,1637591839.0
caruray,PH,10.3094,119.0128,26.55,1.93,1010.0,87.0,1637591840.0
kenai,US,60.5544,-151.2583,-24.95,2.57,998.0,84.0,1637591841.0
lolua,,,,,,,,
norman wells,CA,65.282,-126.8329,-23.62,0.34,1025.0,98.0,1637591844.0
tual,ID,-5.6667,132.75,29.01,2.76,1008.0,71.0,1637591845.0
hami,CN,42.8,93.45,-2.47,0.82,1034.0,49.0,1637591847.0
maragogi,BR,-9.0122,-35.2225,29.92,5.79,1011.0,60.0,1637591848.0
fruitvale,US,39.0817,-108.4968,-3.68,4.12,1033.0,74.0,1637591849.0
buin,CL,-33.7333,-70.75,25.86,2.68,1010.0,19.0,1637591851.0
uniao,BR,-4.5858,-42.8642,31.01,1.45,1008.0,33.0,1637591852.0
mahadday weyne,,,,,,,,
klaksvik,FO,62.2266,-6.589,8.51,11.92,1022.0,84.0,1637591854.0
ilulissat,GL,69.2167,-51.1,-4.99,6.69,1017.0,58.0,1637591856.0
atbasar,KZ,51.8,68.3333,-1.19,9.41,1006.0,95.0,1637591857.0
lavrentiya,RU,65.5833,-171.0,-19.81,3.83,1028.0,91.0,1637591858.0
olafsvik,IS,64.8945,-23.7142,6.08,10.43,1003.0,91.0,1637591860.0
san antonio,US,29.4241,-98.4936,12.15,4.12,1027.0,51.0,1637591785.0
gogrial,SS,8.5332,28.1004,32.62,1.95,1008.0,18.0,1637591862.0
ukiah,US,39.1502,-123.2078,9.59,1.35,1023.0,61.0,1637591863.0
hervey bay,AU,-25.2986,152.8535,21.69,5.97,1012.0,82.0,1637591865.0
vung tau,VN,10.346,107.0843,27.7,8.97,1010.0,79.0,1637591866.0
sakakah,SA,29.9697,40.2064,19.76,2.97,1019.0,40.0,1637591868.0
kununurra,AU,-15.7667,128.7333,29.99,3.09,1007.0,70.0,1637591770.0
vicuna,CL,-30.0319,-70.7081,10.85,4.02,1012.0,32.0,1637591870.0
port lincoln,AU,-34.7333,135.8667,17.62,1.76,1011.0,63.0,1637591871.0
pundaguitan,PH,6.3711,126.1689,28.18,5.42,1009.0,78.0,1637591873.0
ostrovnoy,RU,68.0531,39.5131,-3.17,10.08,994.0,88.0,1637591874.0
talnakh,RU,69.4865,88.3972,-18.18,4.4,1005.0,82.0,1637591875.0
tumannyy,,,,,,,,
hewitt,US,31.4624,-97.1958,8.95,1.79,1028.0,61.0,1637591878.0
jamkhed,IN,18.7362,75.3121,25.7,2.9,1012.0,73.0,1637591879.0
port hedland,AU,-20.3167,118.5667,27.03,3.6,1010.0,78.0,1637591880.0
sorvag,,,,,,,,
porto santo,PT,33.072,-16.3415,22.21,3.6,1012.0,78.0,1637591883.0
san jose,US,37.3394,-121.895,10.66,0.0,1021.0,65.0,1637591730.0
peace river,CA,56.2501,-117.286,-4.83,4.63,1002.0,100.0,1637591885.0
provideniya,RU,64.3833,-173.3,-17.62,4.06,1028.0,83.0,1637591887.0
sansai,,,,,,,,
roslavl,RU,53.9528,32.8639,-3.35,2.57,1017.0,80.0,1637591889.0
foca,TR,38.6703,26.7566,18.59,6.46,1018.0,66.0,1637591890.0
westport,US,41.1415,-73.3579,9.1,2.24,1009.0,94.0,1637591892.0
kenora,CA,49.8167,-94.4337,-11.6,1.54,1018.0,85.0,1637591893.0
abu samrah,SY,35.3029,37.1841,16.77,2.52,1021.0,53.0,1637591894.0
sioux lookout,CA,50.1001,-91.917,-11.96,7.2,1017.0,79.0,1637591881.0
aklavik,CA,68.2191,-135.0107,-23.0,3.6,1030.0,77.0,1637591897.0
kodinar,IN,20.7903,70.7031,27.23,2.34,1012.0,79.0,1637591898.0
chagda,,,,,,,,
tikrit,IQ,34.6071,43.6782,19.42,3.13,1020.0,38.0,1637591901.0
abu kamal,SY,34.4506,40.9171,18.9,0.72,1020.0,47.0,1637591902.0
banda aceh,ID,5.5577,95.3222,26.68,2.85,1010.0,79.0,1637591903.0
douentza,ML,14.9951,-2.9517,35.98,6.45,1009.0,13.0,1637591905.0
la sarre,CA,48.8002,-79.1996,-9.13,7.58,1003.0,90.0,1637591906.0
batemans bay,AU,-35.7167,150.1833,12.73,1.72,1022.0,88.0,1637591907.0
picos,BR,-7.0769,-41.4669,38.24,2.35,1008.0,24.0,1637591909.0
marquette,US,46.5333,-87.6335,-5.7,6.73,1017.0,71.0,1637591910.0
srednekolymsk,RU,67.45,153.6833,-34.78,1.45,1038.0,100.0,1637591911.0
shenkursk,RU,62.1091,42.896,-3.88,6.88,995.0,87.0,1637591913.0
hofn,IS,64.2539,-15.2082,5.01,3.6,1014.0,93.0,1637591914.0
xixiang,CN,35.1628,112.865,2.63,2.45,1030.0,26.0,1637591915.0
izumo,JP,35.3667,132.7667,9.97,7.77,1014.0,57.0,1637591917.0
male,MV,4.1748,73.5089,27.97,5.66,1009.0,78.0,1637591733.0
pangkalanbuun,ID,-2.6833,111.6167,26.5,0.74,1009.0,81.0,1637591919.0
belyy yar,RU,53.6039,91.3903,-8.41,1.0,1011.0,71.0,1637591921.0
buraydah,SA,26.326,43.975,25.25,4.95,1016.0,24.0,1637591922.0
itoman,JP,26.1247,127.6694,18.91,11.83,1017.0,80.0,1637591923.0
rize,TR,40.9044,40.8949,3.46,1.92,1021.0,68.0,1637591925.0
road town,VG,18.4167,-64.6167,28.03,4.12,1015.0,74.0,1637591926.0
padre paraiso,BR,-17.0742,-41.4844,17.54,1.32,1015.0,96.0,1637591927.0
ilmajoki,FI,62.7333,22.5667,-3.68,3.6,1007.0,68.0,1637591929.0
kavieng,PG,-2.5744,150.7967,28.18,5.71,1008.0,76.0,1637591930.0
monywa,MM,22.1167,95.1333,25.51,0.64,1010.0,73.0,1637591931.0
san patricio,US,28.017,-97.5169,15.84,6.48,1026.0,45.0,1637591933.0
kirensk,RU,57.7853,108.1119,-22.59,1.09,1027.0,99.0,1637591934.0
rolim de moura,,,,,,,,
sinkat,,,,,,,,
haines junction,CA,60.7522,-137.5108,-19.03,4.63,1002.0,71.0,1637591937.0
acari,PE,-15.4311,-74.6158,24.61,4.06,1014.0,56.0,1637591939.0
katobu,ID,-4.9408,122.5276,24.69,0.85,1009.0,89.0,1637591940.0
rorvik,NO,64.8621,11.2373,3.99,13.8,1006.0,66.0,1637591941.0
damaturu,NG,11.747,11.9608,36.06,4.87,1007.0,11.0,1637591943.0
ucluelet,CA,48.9329,-125.5528,8.92,1.34,1015.0,92.0,1637591944.0
hovd,MN,48.0056,91.6419,-6.62,1.02,1024.0,29.0,1637591946.0
guajara-mirim,,,,,,,,
sentyabrskiy,,,,,,,,
barra patuca,HN,15.8,-84.2833,27.25,2.99,1015.0,69.0,1637591949.0
galich,RU,58.3797,42.3475,-4.39,6.58,1002.0,81.0,1637591951.0
santiago,CL,-33.4569,-70.6483,25.84,1.54,1014.0,33.0,1637591952.0
abha,SA,18.2164,42.5053,20.14,2.57,1025.0,43.0,1637591953.0
tynda,RU,55.1667,124.7167,-18.86,1.63,1023.0,75.0,1637591954.0
boende,CD,-0.2167,20.8667,28.05,0.36,1007.0,69.0,1637591956.0
lensk,RU,60.7253,114.9278,-26.05,1.16,1033.0,100.0,1637591957.0
bud,US,39.447,-86.1758,-2.17,4.35,1025.0,69.0,1637591958.0
punta cardon,VE,11.6581,-70.215,28.44,6.77,1011.0,68.0,1637591960.0
jalu,LY,29.0331,21.5482,22.23,2.69,1018.0,38.0,1637591961.0
uwajima,JP,33.2238,132.56,10.59,8.51,1014.0,66.0,1637591962.0
kadykchan,,,,,,,,
gornopravdinsk,RU,60.05,69.9,-5.28,2.92,982.0,96.0,1637591965.0
traverse city,US,44.7631,-85.6206,-2.25,7.2,1016.0,69.0,1637591966.0
moree,AU,-29.4667,149.85,18.01,4.63,1015.0,82.0,1637591967.0
assiniboia,CA,49.6334,-105.9845,-4.1,2.06,1020.0,80.0,1637591969.0
sao miguel do araguaia,BR,-13.275,-50.1628,31.04,2.1,1009.0,58.0,1637591970.0
shingu,JP,33.7333,135.9833,11.07,4.07,1008.0,76.0,1637591971.0
bonavista,CA,48.6499,-53.1147,3.0,4.11,1031.0,71.0,1637591973.0
bac lieu,VN,9.285,105.7244,25.8,4.47,1010.0,90.0,1637591974.0
nanga eboko,CM,4.6833,12.3667,31.81,1.06,1006.0,43.0,1637591975.0
piacabucu,BR,-10.4056,-36.4344,30.76,6.15,1010.0,56.0,1637591977.0
qibili,,,,,,,,
tura,IN,25.5198,90.2201,17.71,1.34,1012.0,77.0,1637591979.0
husavik,IS,66.0449,-17.3389,8.95,9.29,1003.0,82.0,1637591981.0
ovalle,CL,-30.5983,-71.2003,25.0,3.04,1012.0,42.0,1637591982.0
kahului,US,20.8947,-156.47,19.93,2.06,1017.0,81.0,1637591908.0
henderson,US,36.0397,-114.9819,7.56,4.12,1027.0,30.0,1637591936.0
sorland,NO,67.667,12.6934,2.92,5.14,1004.0,75.0,1637591985.0
amurzet,RU,47.6967,131.0981,-6.33,8.82,990.0,93.0,1637591987.0
tukrah,LY,32.5341,20.5791,21.8,5.95,1017.0,54.0,1637591988.0
matagami,CA,49.7502,-77.6328,-9.94,5.14,996.0,92.0,1637591989.0
marystown,CA,47.1666,-55.1483,6.59,2.24,1029.0,100.0,1637591991.0
cuayucatepec,,,,,,,,
narsaq,GL,60.9167,-46.05,-1.88,2.71,1017.0,75.0,1637591993.0
katsuura,JP,35.1333,140.3,18.59,6.2,999.0,85.0,1637591994.0
south sioux city,US,42.4739,-96.4136,-3.65,2.24,1026.0,60.0,1637591996.0
mecca,SA,21.4267,39.8261,26.25,6.52,1014.0,35.0,1637591997.0
ust-kuyga,RU,70.0167,135.6,-26.15,2.68,1037.0,98.0,1637591998.0
yenotayevka,RU,47.2456,47.0281,10.74,7.43,1015.0,69.0,1637592000.0
phnum penh,,,,,,,,
northam,GB,51.0333,-4.2167,8.92,6.0,1032.0,68.0,1637592002.0
zhangye,CN,38.9342,100.4517,-2.07,0.26,1030.0,31.0,1637592004.0
amapa,BR,1.0,-52.0,31.92,2.04,1010.0,51.0,1637592005.0
iskateley,RU,67.6803,53.1512,-18.0,2.22,991.0,100.0,1637592007.0
ixtapa,MX,20.7,-105.2,18.57,2.06,1015.0,82.0,1637592008.0
carnarvon,AU,-24.8667,113.6333,20.04,9.77,1014.0,68.0,1637592009.0
wanaka,NZ,-44.7,169.15,11.17,0.78,1016.0,84.0,1637592010.0
darnah,LY,32.767,22.6367,21.28,3.32,1017.0,58.0,1637592012.0
conceicao do araguaia,BR,-8.2578,-49.2647,32.58,1.92,1009.0,53.0,1637592013.0
cutervo,PE,-6.379,-78.8157,16.86,2.77,1015.0,62.0,1637592015.0
vanimo,PG,-2.6741,141.3028,25.72,0.63,1009.0,88.0,1637592016.0
maniago,IT,46.1706,12.7078,10.93,3.09,1012.0,83.0,1637592017.0
ambanja,MG,-13.6833,48.45,29.96,2.5,1011.0,81.0,1637592018.0
sampit,ID,-2.5333,112.95,24.9,1.19,1008.0,84.0,1637592020.0
churhat,IN,24.428,81.6703,22.17,2.21,1012.0,35.0,1637592021.0
avera,US,33.194,-82.5271,12.88,4.63,1016.0,88.0,1637592022.0
quelimane,MZ,-17.8786,36.8883,29.97,6.69,1009.0,66.0,1637592024.0
udachnyy,RU,66.4167,112.4,-35.16,1.99,1035.0,100.0,1637592025.0
aflu,,,,,,,,
cardston,CA,49.2,-113.3019,7.7,6.17,1013.0,23.0,1637592027.0
bafq,IR,31.6128,55.4107,20.6,2.88,1017.0,39.0,1637592029.0
sembe,CG,1.6481,14.5806,30.68,2.08,1007.0,51.0,1637592030.0
racovita,RO,45.6983,21.6358,10.01,2.16,1015.0,74.0,1637592031.0
beloha,MG,-25.1667,45.05,21.64,7.51,1014.0,74.0,1637592033.0
nizhneyansk,,,,,,,,
lata,PT,40.1629,-8.3327,13.49,4.51,1011.0,45.0,1637592035.0
andenes,NO,69.3143,16.1194,-3.01,5.66,1004.0,93.0,1637592037.0
christchurch,NZ,-43.5333,172.6333,12.24,1.54,1024.0,83.0,1637592038.0
sayyan,YE,15.1718,44.3244,16.47,5.32,1018.0,23.0,1637592039.0
shepsi,RU,44.0361,39.1489,13.58,5.07,1019.0,78.0,1637592040.0
teguldet,RU,57.3064,88.1667,-0.79,6.0,1002.0,94.0,1637592042.0
sinnamary,GF,5.3833,-52.95,28.68,3.84,1012.0,73.0,1637592043.0
hartland,US,43.105,-88.342,-5.7,1.79,1022.0,64.0,1637591804.0
pop,UZ,40.8736,71.1089,8.27,1.77,1028.0,29.0,1637592046.0
coquimbo,CL,-29.9533,-71.3436,14.85,2.57,1015.0,82.0,1637592047.0
buala,SB,-8.145,159.5921,27.37,3.84,1009.0,80.0,1637592048.0
burkburnett,US,34.0979,-98.5706,3.25,2.57,1029.0,75.0,1637592050.0
nogliki,RU,51.8333,143.1667,0.95,10.62,1013.0,83.0,1637592051.0
bowen,AU,-20.0167,148.2333,22.12,2.8,1008.0,74.0,1637592052.0
ruatoria,,,,,,,,
gympie,AU,-26.1898,152.665,20.17,1.57,1013.0,99.0,1637592055.0
samarai,PG,-10.6167,150.6667,27.99,5.48,1007.0,82.0,1637592056.0
kaka,TM,37.3482,59.6143,12.78,2.76,1020.0,33.0,1637592057.0
plettenberg bay,ZA,-34.0527,23.3716,17.16,5.49,1015.0,91.0,1637592059.0
aras,ES,42.5617,-2.356,6.71,4.12,1011.0,83.0,1637592060.0
tevaitoa,PF,-16.7833,-151.5,25.83,1.98,1011.0,81.0,1637592061.0
gorontalo,ID,0.5412,123.0595,24.8,1.44,1010.0,93.0,1637592063.0
almaznyy,RU,48.0448,40.045,9.08,4.79,1014.0,91.0,1637592064.0
moron,AR,-34.6534,-58.6198,30.68,2.68,1005.0,38.0,1637592065.0
guarare,PA,7.8167,-80.2833,27.76,2.39,1012.0,79.0,1637592067.0
samusu,,,,,,,,
renqiu,CN,38.6989,116.0936,-0.75,2.68,1027.0,36.0,1637592069.0
george,ZA,-33.963,22.4617,15.75,4.12,1015.0,94.0,1637592071.0
karlshamn,SE,56.1706,14.8619,1.48,2.95,1021.0,60.0,1637592072.0
key largo,US,25.0865,-80.4473,24.8,2.42,1015.0,79.0,1637592073.0
le port,RE,-20.9373,55.2919,24.21,2.46,1016.0,95.0,1637592075.0
dalbandin,PK,28.8947,64.4101,16.03,2.31,1020.0,16.0,1637591906.0
temaraia,,,,,,,,
wokha,IN,26.1,94.2667,8.82,1.39,1013.0,95.0,1637592078.0
katherine,AU,-14.4667,132.2667,27.18,3.09,1008.0,69.0,1637592080.0
san policarpo,PH,12.1791,125.5072,27.86,4.2,1010.0,82.0,1637592081.0
blackwater,AU,-23.5833,148.8833,17.94,4.25,1010.0,83.0,1637592082.0
meulaboh,ID,4.1363,96.1285,25.09,2.14,1010.0,90.0,1637592084.0
ulaanbaatar,MN,47.9077,106.8832,-23.93,0.0,1017.0,70.0,1637591656.0
henties bay,NA,-22.116,14.2845,18.25,6.9,1013.0,69.0,1637592086.0
goderich,CA,43.7501,-81.7165,0.05,9.26,1016.0,64.0,1637592088.0
galgani,,,,,,,,
storforshei,NO,66.4043,14.5233,-9.57,1.03,1006.0,92.0,1637592090.0
santa cruz cabralia,BR,-16.2781,-39.0247,24.13,3.09,1014.0,83.0,1637592091.0
shahpur,IN,16.7,76.8333,26.26,1.5,1012.0,73.0,1637592093.0
kiama,AU,-34.6833,150.8667,16.56,0.45,1022.0,87.0,1637592014.0
varhaug,NO,58.6147,5.6457,7.1,10.48,1020.0,81.0,1637592095.0
tallahassee,US,30.4383,-84.2807,15.5,0.45,1017.0,91.0,1637592097.0
bara,NG,10.3744,10.7288,38.88,4.01,1006.0,13.0,1637592098.0
mayor pablo lagerenza,PY,-19.9309,-60.7718,36.52,3.79,1006.0,36.0,1637592099.0
havoysund,NO,70.9963,24.6622,-3.51,3.46,1004.0,63.0,1637592101.0
videira,BR,-27.0083,-51.1517,29.44,1.91,1012.0,31.0,1637592102.0
auki,SB,-8.7676,160.7034,25.52,1.75,1009.0,87.0,1637592103.0
college,US,64.8569,-147.8028,-17.61,7.2,1008.0,70.0,1637592105.0
willowmore,ZA,-33.2926,23.4895,16.69,6.35,1013.0,75.0,1637592106.0
anloga,GH,5.7947,0.8973,32.12,4.54,1008.0,66.0,1637592107.0
humboldt,US,40.6665,-123.9178,1.03,1.78,1023.0,50.0,1637592109.0
ust-charyshskaya pristan,RU,52.3934,83.6635,1.3,10.54,1015.0,77.0,1637592110.0
aligudarz,IR,33.4006,49.6949,8.7,1.54,1021.0,66.0,1637592111.0
menongue,AO,-14.6585,17.691,23.12,2.46,1010.0,52.0,1637592113.0
santa rita,BR,-7.1139,-34.9781,32.37,6.17,1011.0,55.0,1637592114.0
turukhansk,RU,65.8167,87.9833,-13.91,9.1,1000.0,75.0,1637592115.0
ancud,CL,-41.8697,-73.8203,14.74,2.5,1020.0,78.0,1637592117.0
kailua,US,21.4022,-157.7394,24.07,2.57,1017.0,74.0,1637592118.0
namestovo,SK,49.4079,19.4803,5.28,1.77,1019.0,99.0,1637592119.0
lucea,JM,18.451,-78.1736,27.7,1.45,1014.0,71.0,1637592121.0
benghazi,LY,32.1167,20.0667,21.12,5.92,1017.0,62.0,1637592122.0
hambantota,LK,6.1241,81.1185,27.19,1.03,1009.0,94.0,1637592123.0
constitucion,CL,-35.3333,-72.4167,20.65,6.78,1013.0,55.0,1637592125.0
santa luzia,BR,-19.7697,-43.8514,24.97,1.54,1017.0,67.0,1637592126.0
nefteyugansk,RU,61.0998,72.6035,-9.86,3.34,981.0,96.0,1637592127.0
namwala,ZM,-15.7504,26.4384,25.32,2.35,1009.0,57.0,1637592129.0
guantanamo,CU,20.1444,-75.2092,25.5,0.31,1014.0,60.0,1637592130.0
finschhafen,PG,-6.6024,147.8681,26.71,3.85,1008.0,83.0,1637592131.0
uva,RU,56.9908,52.1852,-2.52,3.66,995.0,92.0,1637592133.0
vao,NC,-22.6667,167.4833,23.25,2.43,1012.0,79.0,1637592134.0
bosanska krupa,BA,44.8825,16.1514,6.34,2.03,1017.0,94.0,1637592135.0
hong gai,VN,20.956,107.0946,17.95,2.46,1021.0,66.0,1637592137.0
coari,BR,-4.085,-63.1414,29.59,1.2,1010.0,70.0,1637592138.0
lasa,IT,46.6166,10.7002,7.8,1.3,1014.0,88.0,1637592139.0
balkanabat,TM,39.5108,54.3671,14.47,1.88,1020.0,47.0,1637592141.0
san diego,US,32.7153,-117.1573,18.06,0.0,1018.0,28.0,1637591931.0
ossora,RU,59.2353,163.0719,-5.21,6.75,1026.0,96.0,1637592143.0
batagay-alyta,RU,67.8006,130.4114,-25.01,0.53,1036.0,99.0,1637592144.0
monteiro,BR,-7.8894,-37.12,34.62,3.41,1009.0,23.0,1637592146.0
canete,CL,-37.8,-73.4,19.74,4.45,1017.0,52.0,1637592147.0
diego de almagro,CL,-26.3667,-70.05,25.54,3.84,1012.0,14.0,1637592148.0
kabo,CF,7.6994,18.629,35.18,2.48,1006.0,17.0,1637592150.0
santa cruz,BO,-17.8,-63.1667,34.47,4.02,1007.0,36.0,1637592102.0
borba,BR,-4.3878,-59.5939,29.48,1.48,1010.0,74.0,1637592152.0
porto novo,BJ,6.4965,2.6036,30.9,4.39,1007.0,60.0,1637592154.0
ajdabiya,LY,30.7554,20.2263,23.03,3.34,1017.0,41.0,1637592155.0
songea,TZ,-10.6833,35.65,32.11,3.61,1007.0,19.0,1637592156.0
alice springs,AU,-23.7,133.8833,25.75,4.63,1011.0,25.0,1637592138.0
kavaratti,IN,10.5669,72.642,27.41,2.61,1011.0,75.0,1637592159.0
dingle,PH,10.9995,122.6711,25.13,2.7,1010.0,89.0,1637592160.0
himora,,,,,,,,
jasper,US,37.2001,-94.3502,2.08,1.66,1028.0,65.0,1637592162.0
uyuni,BO,-20.4597,-66.825,18.89,4.8,1009.0,21.0,1637592164.0
talladega,US,33.4359,-86.1058,12.31,3.6,1020.0,76.0,1637592165.0
jagdalpur,IN,19.0667,82.0333,22.37,1.44,1013.0,89.0,1637592166.0
green river,US,41.5286,-109.4662,-1.78,1.41,1031.0,39.0,1637592168.0
lexington-fayette,US,38.0498,-84.4585,0.89,0.45,1018.0,68.0,1637592169.0
rawson,AR,-43.3002,-65.1023,13.42,15.29,1013.0,65.0,1637592170.0
kapoeta,SS,4.7717,33.5903,34.59,5.26,1006.0,23.0,1637592172.0
nago,JP,26.5881,127.9761,18.37,8.8,1018.0,74.0,1637592173.0
pizarro,CO,4.9533,-77.366,26.2,2.79,1013.0,83.0,1637592174.0
bonthe,SL,7.5264,-12.505,30.9,4.88,1008.0,60.0,1637592176.0
fort-shevchenko,KZ,44.5086,50.263,10.13,4.59,1019.0,89.0,1637592177.0
fairbanks,US,64.8378,-147.7164,-17.16,0.45,1008.0,67.0,1637592178.0
oranjemund,NA,-28.55,16.4333,19.76,4.97,1013.0,69.0,1637592179.0
mezen,RU,65.8522,44.24,-4.65,0.97,991.0,97.0,1637592181.0
hay river,CA,60.8156,-115.7999,-13.01,3.6,1016.0,78.0,1637592010.0
egvekinot,RU,66.3167,-179.1667,-23.9,5.97,1038.0,86.0,1637592183.0
karmana,,,,,,,,
high level,CA,58.5169,-117.136,-10.94,2.06,1007.0,85.0,1637592186.0
zheleznodorozhnyy,RU,55.7503,38.0042,-2.16,4.35,1012.0,86.0,1637592187.0
grand gaube,MU,-20.0064,57.6608,25.21,1.34,1015.0,69.0,1637592188.0
cururupu,BR,-1.8283,-44.8683,31.7,2.6,1010.0,53.0,1637592190.0
juneau,US,58.3019,-134.4197,1.44,0.0,987.0,98.0,1637591965.0
lazaro cardenas,MX,17.9583,-102.2,25.73,1.88,1015.0,75.0,1637592192.0
elmont,US,40.7009,-73.7129,9.18,0.45,1010.0,76.0,1637592193.0
picota,PE,-6.9197,-76.3304,28.27,0.21,1013.0,74.0,1637592195.0
sahuaripa,MX,29.05,-109.2333,19.58,1.05,1020.0,35.0,1637592196.0
nawa,IN,27.0167,75.0,20.39,3.17,1014.0,16.0,1637592197.0
sete,FR,43.4018,3.6966,14.64,1.35,1012.0,55.0,1637592199.0
ajaccio,FR,42.0,8.9167,13.86,1.03,1008.0,63.0,1637592200.0
merauke,ID,-8.4667,140.3333,26.58,3.93,1007.0,87.0,1637592201.0
parana,AR,-31.732,-60.5238,33.7,4.18,1007.0,34.0,1637592062.0
nanakuli,US,21.3906,-158.1547,22.61,2.06,1018.0,78.0,1637592204.0
necochea,AR,-38.5473,-58.7368,20.58,10.98,1006.0,53.0,1637592205.0
grao mogol,BR,-16.5594,-42.8897,21.81,2.16,1013.0,83.0,1637592207.0
chama,CH,47.1821,8.4636,4.85,3.09,1017.0,87.0,1637592208.0
venado tuerto,AR,-33.7456,-61.9688,34.73,4.44,1006.0,24.0,1637592209.0
svetlaya,RU,46.5389,138.3297,4.42,8.5,983.0,81.0,1637592210.0
rio grande,BR,-32.035,-52.0986,34.06,3.73,1009.0,41.0,1637592212.0
kaduqli,SD,11.0167,29.7167,31.13,3.93,1009.0,17.0,1637592213.0
popondetta,PG,-8.7537,148.2534,23.86,1.1,1008.0,93.0,1637592214.0
mabaruma,GY,8.2,-59.7833,27.36,1.4,1012.0,88.0,1637592216.0
grande-riviere,,,,,,,,
carevo,,,,,,,,
mayo,US,38.8876,-76.5119,8.78,0.45,1005.0,89.0,1637592219.0
yakeshi,CN,49.2833,120.7333,-15.14,4.52,1019.0,88.0,1637592221.0
namatanai,PG,-3.6667,152.4333,26.65,3.67,1008.0,81.0,1637592222.0
phalaborwa,ZA,-23.943,31.1411,23.6,2.18,1011.0,85.0,1637592223.0
graaff-reinet,ZA,-32.2522,24.5308,19.08,8.57,1011.0,75.0,1637592225.0
katakwi,UG,1.8911,33.9661,30.62,5.76,1006.0,19.0,1637592226.0
moranbah,AU,-22.0016,148.0466,20.82,5.28,1008.0,85.0,1637592227.0
mahbubnagar,IN,16.7333,77.9833,24.84,2.75,1012.0,77.0,1637592229.0
hendijan,,,,,,,,
porbandar,IN,21.6422,69.6093,29.68,2.3,1012.0,56.0,1637592231.0
xinqing,CN,48.2333,129.5,-10.25,4.22,997.0,92.0,1637592232.0
ola,RU,59.5833,151.2833,-15.25,5.38,1029.0,79.0,1637592234.0
comodoro rivadavia,AR,-45.8667,-67.5,10.92,8.75,1015.0,58.0,1637592235.0
itarema,BR,-2.9248,-39.9167,32.61,7.17,1009.0,52.0,1637592236.0
port hueneme,US,34.1478,-119.1951,18.54,4.63,1019.0,13.0,1637592238.0
douglas,US,41.3,-96.167,-0.58,1.34,1025.0,51.0,1637592236.0
touba,CI,8.2833,-7.6833,33.11,2.12,1008.0,26.0,1637592240.0
kambove,CD,-10.8764,26.5969,20.56,2.38,1009.0,86.0,1637592241.0
hassleholm,SE,56.1591,13.7664,1.99,2.3,1021.0,68.0,1637592243.0
ketchikan,US,55.3422,-131.6461,8.99,4.86,985.0,94.0,1637592244.0
urusha,RU,54.05,122.9,-17.2,1.91,1020.0,80.0,1637592245.0
